Website Disp,Phone,Website,BarnDealer.,BarnDealerlr,Shipping Stre,Shipping City,Shipping Stat,Shipping Zip/,3D Builder Si,Facebook Url,Email Addres
Grace Portab,(501) 428-41,https://grace,https://grace,,532 US 65,Greenbrier,Arkansas,72058,https://3d.derksenbuilding gracecattle1,gracecattle1,
Mena Stone &,(479) 394-38,https://menastone.com,https://menastone.com,,2400 Highwa,Mena,Arkansas,71953,https://3d.derksenbuilding menastone10,menastone10,
Ozark Outdo,(479) 394-38,https://ozark,https://ozark,,2519 Highwa,Clinton,Arkansas,72031-7884,https://3d.derksenbuilding ozarkoutdoor1,ozarkoutdoor1,
Jonesboro Sheds,(870) 932-15,https://jonesborosheds.com,https://jonesborosheds.com,,1234 Main St,Jonesboro,Arkansas,72401,https://3d.derksenbuilding jonesboro1,jonesborosheds,
Paragould Build,(870) 236-78,https://paragouldbuildings.com,https://paragouldbuildings.com,,567 Oak Ave,Paragould,Arkansas,72450,https://3d.derksenbuilding paragould1,paragouldbuildings,
Heber Springs,(501) 362-45,https://heberspringsbuildings.com,https://heberspringsbuildings.com,,890 Pine Rd,Heber Spring,Arkansas,72543,https://3d.derksenbuilding hebersprings1,heberspringsbuildings,
Van Buren Sheds,(479) 474-12,https://vanburensheds.com,https://vanburensheds.com,,345 River St,Van Buren,Arkansas,72956,https://3d.derksenbuilding vanburen1,vanburensheds,
Imboden Outdoors,(870) 869-23,https://imbodenoutdoors.com,https://imbodenoutdoors.com,,678 Forest Ln,Imboden,Arkansas,72434,https://3d.derksenbuilding imboden1,imbodenoutdoors,
Clarksville Build,(479) 754-67,https://clarksvillebuildings.com,https://clarksvillebuildings.com,,901 Mountain Dr,Clarksville,Arkansas,72830,https://3d.derksenbuilding clarksville1,clarksvillebuildings,
Elkins Sheds,(479) 643-89,https://elkinssheds.com,https://elkinssheds.com,,234 Valley Rd,Elkins,Arkansas,72727,https://3d.derksenbuilding elkins1,elkinssheds,
Bethel Heigh,(501) 834-56,https://bethelheightsbuildings.com,https://bethelheightsbuildings.com,,456 Hill St,Bethel Heigh,Arkansas,72764,https://3d.derksenbuilding bethelheights1,bethelheightsbuildings,
Waldron Outdoors,(479) 637-34,https://waldronoutdoors.com,https://waldronoutdoors.com,,789 Country Rd,Waldron,Arkansas,72958,https://3d.derksenbuilding waldron1,waldronoutdoors,
Berryville Build,(870) 423-78,https://berryvillebuildings.com,https://berryvillebuildings.com,,123 Apple St,Berryville,Arkansas,72616-4603,https://3d.derksenbuilding berryville1,berryvillebuildings,
Mountain Ho,(870) 269-45,https://mountainhomebuildings.com,https://mountainhomebuildings.com,,567 Lake Dr,Mountain Ho,Arkansas,72653-6612,https://3d.derksenbuilding mountainhome1,mountainhomebuildings,
Mountain Vie,(870) 269-45,https://mountainviewbuildings.com,https://mountainviewbuildings.com,,890 Scenic Rd,Mountain Vie,Arkansas,72560,https://3d.derksenbuilding mountainview1,mountainviewbuildings,
Flippin Sheds,(870) 453-67,https://flippinsheds.com,https://flippinsheds.com,,234 River Rd,Flippin,Arkansas,72634,https://3d.derksenbuilding flippin1,flippinsheds,
West Fork Build,(479) 839-12,https://westforkbuildings.com,https://westforkbuildings.com,,456 Creek Ln,West Fork,Arkansas,72774,https://3d.derksenbuilding westfork1,westforkbuildings,
Booneville Outdoors,(479) 675-89,https://boonevilleoutdoors.com,https://boonevilleoutdoors.com,,789 Valley Dr,Booneville,Arkansas,72927,https://3d.derksenbuilding booneville1,boonevilleoutdoors,
Barling Sheds,(479) 452-34,https://barlingsheds.com,https://barlingsheds.com,,123 Fort St,Barling,Arkansas,72923-1616,https://3d.derksenbuilding barling1,barlingsheds,
Harrison Build,(870) 741-56,https://harrisonbuildings.com,https://harrisonbuildings.com,,567 Main St,Harrison,Arkansas,72601,https://3d.derksenbuilding harrison1,harrisonbuildings,
Harrisburg Outdoors,(870) 578-90,https://harrisburgoutdoors.com,https://harrisburgoutdoors.com,,890 Oak Ave,Harrisburg,Arkansas,72432,https://3d.derksenbuilding harrisburg1,harrisburgoutdoors,
Mammoth Sp,(870) 625-23,https://mammothspringbuildings.com,https://mammothspringbuildings.com,,234 Spring St,Mammoth Sp,Arkansas,72554,https://3d.derksenbuilding mammothspring1,mammothspringbuildings,
Pleasant Plai,(870) 626-78,https://pleasantplainbuildings.com,https://pleasantplainbuildings.com,,456 Plain Rd,Pleasant Plai,Arkansas,72468,https://3d.derksenbuilding pleasantplain1,pleasantplainbuildings,
Morrilton Sheds,(501) 354-45,https://morritonsheds.com,https://morritonsheds.com,,789 Conway St,Morrilton,Arkansas,72110,https://3d.derksenbuilding morrilton1,morritonsheds,
Russellville Build,(479) 968-67,https://russellvillebuildings.com,https://russellvillebuildings.com,,123 Arkansas Ave,Russellville,Arkansas,72801,https://3d.derksenbuilding russellville1,russellvillebuildings,
Ash Flat Outdoors,(870) 994-34,https://ashflatoutdoors.com,https://ashflatoutdoors.com,,567 Flat Rd,Ash Flat,Arkansas,72513,https://3d.derksenbuilding ashflat1,ashflatoutdoors,
Corning Sheds,(870) 857-89,https://corningsheds.com,https://corningsheds.com,,890 Clay St,Corning,Arkansas,72422,https://3d.derksenbuilding corning1,corningsheds,
Melbourne Build,(870) 368-12,https://melbournebuildings.com,https://melbournebuildings.com,,234 White River Dr,Melbourne,Arkansas,72556,https://3d.derksenbuilding melbourne1,melbournebuildings,
Lepanto Outdoors,(870) 475-56,https://lepantooutdoors.com,https://lepantooutdoors.com,,456 Delta Rd,Lepanto,Arkansas,72354,https://3d.derksenbuilding lepanto1,lepantooutdoors,
Paris Sheds,(479) 963-78,https://parissheds.com,https://parissheds.com,,789 Logan St,Paris,Arkansas,72855,https://3d.derksenbuilding paris1,parissheds,
Conway Build,(501) 327-34,https://conwaybuildings.com,https://conwaybuildings.com,,123 College Ave,Conway,Arkansas,72032,https://3d.derksenbuilding conway1,conwaybuildings,
Centerton Outdoors,(479) 795-67,https://centertonoutdoors.com,https://centertonoutdoors.com,,567 Centerton Blvd,Centerton,Arkansas,72719,https://3d.derksenbuilding centerton1,centertonoutdoors,
Danville Sheds,(479) 495-89,https://danvillesheds.com,https://danvillesheds.com,,890 Yell St,Danville,Arkansas,72833,https://3d.derksenbuilding danville1,danvillesheds,
Pangburn Build,(501) 734-12,https://pangburnbuildings.com,https://pangburnbuildings.com,,234 White River Dr,Pangburn,Arkansas,72121,https://3d.derksenbuilding pangburn1,pangburnbuildings 